{"data":[{"website":"https://lakshmi-kia.in.kia","dealerName":"Lakshmi Kia, Birla junction","lng":"83.25952","address2":"#38-39-66, Birla Junction, N.H-5 Road, Visakhapatnam-530007","cityCode":"P33","phone2":"999999999","phone1":"7997815777","cityName":"Vishakhapatnam","stateName":"Andhra Pradesh","sortId":"1","dealerType":"Sales","stateCode":"AP","id":"AP305","email":"agmsales@lakshmikia.com","lat":"17.74239"},{"website":"https://lakshmi-kia.in.kia","dealerName":"Lakshmi Kia, Birla junction","lng":"83.25952","address2":"#38-39-66, Birla Junction, N.H-5 Road, Visakhapatnam-530007","cityCode":"P33","phone2":"999999999","phone1":"8096666489","cityName":"Vishakhapatnam","stateName":"Andhra Pradesh","sortId":"3","dealerType":"Service","stateCode":"AP","id":"AP305","email":"servicemanager@lakshmikia.com","lat":"17.74239"}],"resultCode":"0000","message":""}
{"data":[{"website":"https://nigla-kia.in.kia/","dealerName":"Nigla Kia, Nirjuli","address3":"Itanagar, Arunachal Pradesh","lng":"93.725417","address2":"Naharlagun, District - Papumpare","cityCode":"E45","address1":"Nh-415 Lekhi","phone2":"6033858060","phone1":"6033858060","cityName":"Itanagar","stateName":"Arunachal Pradesh","sortId":"1","dealerType":"Sales","stateCode":"AR","id":"AR301","email":"agm@niglakia.co.in","lat":"27.125011"},{"website":"https://nigla-kia.in.kia/","dealerName":"Nigla Kia, Nirjuli","address3":"Itanagar, Arunachal Pradesh","lng":"93.725417","address2":"Naharlagun, District - Papumpare","cityCode":"E45","address1":"Nh-415 Lekhi","phone2":"6033858090","phone1":"6033858090","cityName":"Itanagar","stateName":"Arunachal Pradesh","sortId":"3","dealerType":"Service","stateCode":"AR","id":"AR301","email":"servicemanager@niglakia.co.in","lat":"27.125011"}],"resultCode":"0000","message":""}
{"data":[{"website":"https://borah-kia.in.kia/","dealerName":"Borah Kia, Tinsukia","address3":"Assam-786145","lng":"95.297995","address2":" NH37, Tinsukia","cityCode":"E52","address1":"Opp Laipuli Garrison,","phone2":"7002212044","phone1":"7002212044","cityName":"Tinsukia","stateName":"Assam","sortId":"1","dealerType":"Sales","stateCode":"AS","id":"AS502","email":"borahkia.tsk@borahkia.com","lat":"27.478229"},{"website":"https://borah-kia.in.kia/","dealerName":"Borah Kia, Tinsukia","address3":"Assam-786145","lng":"95.297995","address2":" NH37, Tinsukia","cityCode":"E52","address1":"Opp Laipuli Garrison,","phone2":"9435135163","phone1":"7002212044","cityName":"Tinsukia","stateName":"Assam","sortId":"3","dealerType":"Service","stateCode":"AS","id":"AS502","email":"borahkia.tsk@borahkia.com","lat":"27.478229"}],"resultCode":"0000","message":""}
{"data":[{"website":"https://kosi-kia.in.kia/","dealerName":"Kosi Kia,Purnia","address3":"Purnia-854326","lng":"87.5704845573463 ","address2":"NH 31, Barsoni,","cityCode":"EAH","address1":"Kosi KIA,","phone2":"7283000470","phone1":"7283000470","cityName":"Purnia","stateName":"Bihar","sortId":"1","dealerType":"Sales","stateCode":"BR","id":"BR402","email":"sales@kosikia.com","lat":"25.798753769927536"},{"website":"https://kosi-kia.in.kia/","dealerName":"Kosi Kia,Purnia","address3":"Purnia 85431","address2":"Belori Purnia 85431","cityCode":"EAH","address1":"Kosi KIA, NH 31 Bypass Road","phone2":"7283000475","phone1":"7283000475","cityName":"Purnia","stateName":"Bihar","sortId":"3","dealerType":"Service","stateCode":"BR","id":"BR402","email":"service@kosikia.com"}],"resultCode":"0000","message":""}
{"data":[{"website":"https://joshi-kia.in.kia","dealerName":"Joshi Kia","lng":"76.806428","address2":"PLOT NO.16,INDUSTRIAL AREA,PHASE-1,CHANDIGARH-160002","cityCode":"N70","phone2":"999999999","phone1":"7087000111","cityName":"Chandigarh","stateName":"Chandigarh","sortId":"1","dealerType":"Sales","stateCode":"CH","id":"CH401","email":"gaurav.misra@joshikia.in","lat":"30.712707"},{"website":"https://joshi-kia.in.kia","dealerName":"Joshi Kia CPO","address3":"CHANDIGARH-160002","lng":"76.80076","address2":"Near Elante Mall, Industrial Area","cityCode":"N70","address1":"Plot No. 167","phone2":"999999999","phone1":"7087000111","cityName":"Chandigarh","stateName":"Chandigarh","sortId":"2","dealerType":"Pre-owned Cars","stateCode":"CH","id":"CH401","email":"gaurav.misra@joshikia.in","lat":"30.70737"},{"website":"https://joshi-kia.in.kia","dealerName":"Joshi Kia,Service","lng":"76.799065","address2":"Plot  No. 182/1, Industrial Area, Phase 1, Chandigarh","cityCode":"N70","phone2":"999999999","phone1":"9875923025","cityName":"Chandigarh","stateName":"Chandigarh","sortId":"3","dealerType":"Service","stateCode":"CH","id":"CH401","email":"gurmeet.singh@joshikia.in","lat":"30.703052"}],"resultCode":"0000","message":""}
{"data":[{"website":"https://sairam-wheels.in.kia","dealerName":"Sairam Wheels, Tatibandh","address3":"Raipur-492001","lng":"81.55484955","address2":"GE Road, NH-6","cityCode":"W54","address1":"Khasra No. 168/2","phone2":"999999999","phone1":"18008895001","cityName":"Raipur","stateName":"Chhattisgarh","sortId":"1","dealerType":"Sales","stateCode":"CG","id":"CG301","email":"ccmsales@sairamkiamotors.in","lat":"21.25579318"},{"website":"https://sairam-wheels.in.kia","dealerName":"Sairam Wheels, Tatibandh","address3":"Raipur-492001","lng":"81.55484955","address2":"GE Road, NH-6","cityCode":"W54","address1":"Khasra No. 168/2","phone2":"999999999","phone1":"7247004002","cityName":"Raipur","stateName":"Chhattisgarh","sortId":"3","dealerType":"Service","stateCode":"CG","id":"CG301","email":"gmservice@sairamkiamotors.in","lat":"21.25579318"}],"resultCode":"0000","message":""}
{"data":[{"website":"https://allied-motors.in.kia","dealerName":"Allied Kia, Connaught Place","address3":"Delhi-110001","lng":"77.21989","address2":"No.5 Scindia House,","cityCode":"N10","address1":"Connaught Place","phone2":"8047363017","phone1":"8047363017","cityName":"Delhi","stateName":"Delhi","sortId":"1","dealerType":"Sales","stateCode":"DL","id":"DL408","email":"gmsalescp@allied-kia.in","lat":"28.62959"},{"website":"https://frontier-kia.in.kia","dealerName":"Frontier Kia, Safdarjung","lng":"77.189665","address2":"A2/8, Safdarjung Enclave, New Delhi 110029","cityCode":"N10","phone2":"999999999","phone1":"9873943152","cityName":"Delhi","stateName":"Delhi","sortId":"1","dealerType":"Sales","stateCode":"DL","id":"DL403","email":"saleshead.sd@frontierkia.in","lat":"28.567428"},{"website":"https://jayanti-kia.in.kia","dealerName":"JAYANTI MOTORS, MATHURA ROAD","address3":"DELHI","lng":"77.17341","address2":"NEW DELHI","cityCode":"N10","address1":"B1/A9, MOHAN COOPERATIVE AREA, DELHI","phone2":"999999999","phone1":"7290027386","cityName":"Delhi","stateName":"Delhi","sortId":"1","dealerType":"Sales","stateCode":"DL","id":"DL102","email":"saleshead.mtr@jayantikia.in","lat":"28.31237"},{"website":"https://jayanti-kia.in.kia","dealerName":"JAYANTI KIA, LAJPAT NAGAR","address3":"DELHI","lng":"77.14178","address2":"NEW DELHI","cityCode":"N10","address1":"B-33, LAJPAT NAGAR 2, NEW DELHI","phone2":"999999999","phone1":"7290070428","cityName":"Delhi","stateName":"Delhi","sortId":"1","dealerType":"Sales","stateCode":"DL","id":"DL407","email":"saleshead.lpn@jayantikia.in","lat":"28.34261"},{"website":"https://lohia-kia.in.kia","dealerName":"Lohia Kia, Peeragarhi","address3":"New Delhi-110087","lng":"77.0891631","address2":"Mianwali Nagar, Peeragarhi, ","cityCode":"N10","address1":"RR4, ","phone2":"999999999","phone1":"8929294444","cityName":"Delhi","stateName":"Delhi","sortId":"1","dealerType":"Sales","stateCode":"DL","id":"DL101","email":"gm.sales@lohiakia.com","lat":"28.6797717"},{"website":"https://lohia-kia.in.kia","dealerName":"Lohia Kia, Wazirpur","address3":"Phase 2,Delhi","lng":"77.169250","address2":"Wazirpur Industrial Area Road, Pocket C3","cityCode":"N10","address1":"Site No B-95","phone2":"999999999","phone1":"8929294444","cityName":"Delhi","stateName":"Delhi","sortId":"1","dealerType":"Sales","stateCode":"DL","id":"DL406","email":"gmsales.wzp@lohiakia.com","lat":"28.703260"},{"website":"https://sparsh-kia.in.kia","dealerName":"Sparsh Kia, Moti Nagar","lng":"77.150171","address2":"ram, Motinagar, New Delhi","cityCode":"N10","address1":"A-16, Main Najafgarh Road, Next to Haldi","phone2":"999999999","phone1":"7428380700","cityName":"Delhi","stateName":"Delhi","sortId":"1","dealerType":"Sales","stateCode":"DL","id":"DL301","email":"Kia@sparsh.co","lat":"28.661394"},{"website":"https://speedingo-kia.in.kia","dealerName":"Speedingo Kia, Patparganj","address3":"Delhi","lng":"77.31275","address2":"Plot No. 77, Patparganj Industrial Area, Delhi-110092","cityCode":"N10","address1":"Plot No. 77","phone2":"999999999","phone1":"9555125125","cityName":"Delhi","stateName":"Delhi","sortId":"1","dealerType":"Sales","stateCode":"DL","id":"DL404","email":"salesmanager@speedingo-kia.in","lat":"28.63749"},{"website":"https://jayanti-kia.in.kia","dealerName":"Jayanti Kia CPO, Kailash Colony","lng":"77.24258","address2":"NEW DELHI,","cityCode":"N10","address1":"A-20, KAILASH COLONY,","phone1":"9654939393","cityName":"Delhi","stateName":"Delhi","sortId":"2","dealerType":"Pre-owned Cars","stateCode":"DL","id":"DL407","email":"Mayank.saluja@jayantikia.in","lat":"28.55346"},{"website":"https://lohia-kia.in.kia","dealerName":"Lohia Kia CPO, Kailash Colony","lng":"77.102493","address2":"Parshant Vihar,","cityCode":"N10","address1":"H.N.-48,Block-E,Upper Ground Floor","phone1":"9355005148","cityName":"Delhi","stateName":"Delhi","sortId":"2","dealerType":"Pre-owned Cars","stateCode":"DL","id":"DL406","email":"usedcarhead@lohiakia.com","lat":"28.70406"},{"website":"https://allied-motors.in.kia","dealerName":"Allied Kia, Connaught Place","lng":"77.21989","address2":"Delhi-110064","cityCode":"N10","address1":"A-1, Mayapuri Industrial Estate,","phone2":"8929700778","phone1":"8929700778","cityName":"Delhi","stateName":"Delhi","sortId":"3","dealerType":"Service","stateCode":"DL","id":"DL408","email":"smservice.delhi@allied-kia.com","lat":"28.62959"},{"website":"https://frontier-kia.in.kia","dealerName":"Frontier Kia, Safdarjung","lng":"77.28079","address2":"D81, Okhla Phase 1, New Delhi 110020","cityCode":"N10","phone2":"999999999","phone1":"8882038550","cityName":"Delhi","stateName":"Delhi","sortId":"3","dealerType":"Service","stateCode":"DL","id":"DL403","email":"agmservice.okh@frontierkia.in","lat":"28.5214"},{"website":"https://jayanti-kia.in.kia","dealerName":"Jayanti Motors, Okhla","address3":"DELHI-110020","lng":"77.273866","address2":"PLOT NO A2,","cityCode":"N10","address1":"Okhla Phase 1 ,","phone2":"011-43536415","cityName":"Delhi","stateName":"Delhi","sortId":"3","dealerType":"Service","stateCode":"DL","id":"DL202","email":"servicemanagera2@jayantikia.in","lat":"28.529850"},{"website":"https://jayanti-kia.in.kia","dealerName":"JAYANTI KIA, LAJPAT NAGAR","address3":"New Delhi","lng":"77.2700633","address2":"Okhla Industrial Area ,Phase 2 ,","cityCode":"N10","address1":"Plot No – E - 41/2\u0026amp;3 ,","phone2":" 8800021465","phone1":"8800021460","cityName":"Delhi","stateName":"Delhi","sortId":"3","dealerType":"Service","stateCode":"DL","id":"DL407","email":"servicehead@jayantikia.in","lat":"28.5377343"},{"website":"https://jayanti-kia.in.kia","dealerName":"JAYANTI MOTORS, MATHURA ROAD","address3":"DELHI","lng":"77.17341","address2":"NEW DELHI","cityCode":"N10","address1":"B1/A9, MOHAN COOPERATIVE AREA, DELHI","phone2":"999999999","phone1":"7290027386","cityName":"Delhi","stateName":"Delhi","sortId":"3","dealerType":"Service","stateCode":"DL","id":"DL102","lat":"28.31237"},{"website":"https://lohia-kia.in.kia","dealerName":"Lohia Kia, Wazirpur","address3":"Delhi","lng":"77.15767","address2":"GT KARNAL ROAD,Delhi -110033","cityCode":"N10","address1":"C-17, SMA INDUSTRIAL AREA","phone2":"999999999","phone1":"8929293333","cityName":"Delhi","stateName":"Delhi","sortId":"3","dealerType":"Service","stateCode":"DL","id":"DL406","email":"gm.service@lohiakia.com","lat":"28.72577"},{"website":"https://sparsh-kia.in.kia","dealerName":"Sparsh Kia, Moti Nagar","address3":"NewDelhi","lng":"77.1501","address2":"Najafgarh Road, Next to Haldiram, Motinagar, New D","cityCode":"N10","phone2":"7428380704","phone1":"7428380704","cityName":"Delhi","stateName":"Delhi","sortId":"3","dealerType":"Service","stateCode":"DL","id":"DL301","email":"service.kia.mn@sparsh.co","lat":"28.66161"}],"resultCode":"0000","message":""}
{"data":[{"website":"https://automotiveis-de-cristal.in.kia","dealerName":"Automotiveis De Cristal, Verna","address3":"Goa","lng":"73.90344","address2":"Verna Airport Road, 4 Lane Highway, Sancole","cityCode":"W60","address1":"A.B Motorpark, Next to HP Petrol Pump","phone2":"7447747046","phone1":"7447747046","cityName":"Goa","stateName":"Goa","sortId":"1","dealerType":"Sales","stateCode":"GA","id":"GA301","email":"marketing@adckia.in","lat":"15.37411"},{"website":"https://automotiveis-de-cristal.in.kia","dealerName":"Automotiveis De Cristal, Verna","address3":"Goa","lng":"73.90344","address2":"Verna Airport Road, 4 Lane Highway, Sancole","cityCode":"W60","address1":"A.B Motorpark, Next to HP Petrol Pump","phone2":"7447747042","phone1":"7447747061","cityName":"Goa","stateName":"Goa","sortId":"3","dealerType":"Service","stateCode":"GA","id":"GA301","email":"servicemanager@adckia.in","lat":"15.37411"}],"resultCode":"0000","message":""}
{"data":[{"website":"https://shreenath-cars.in.kia/","dealerName":"Shreenath Cars, Vyara","address3":"Vyara Gujarat","lng":"73.4155509315654","address2":"Vyara - Songad Road","cityCode":"W99","address1":"Plot No. 61/4, Tadkua,","phone2":"9725077777","phone1":"9725077777","cityName":"Vyara","stateName":"Gujarat","sortId":"1","dealerType":"Sales","stateCode":"GJ","id":"GJ508","email":"cmd@shreenathkia.in","lat":"21.1180670325715"},{"website":"https://shreenath-cars.in.kia/","dealerName":"Shreenath Cars, Vyara","address3":"Vyara Gujarat","lng":"73.4155509315654","address2":"Vyara - Songad Road","cityCode":"W99","address1":"Plot No. 61/4, Tadkua,","phone2":"9725077777","cityName":"Vyara","stateName":"Gujarat","sortId":"3","dealerType":"Service","stateCode":"GJ","id":"GJ508","email":"cmd@shreenathkia.in","lat":"21.1180670325715"}],"resultCode":"0000","message":""}
{"data":[{"website":"https://mohan-vehicles.in.kia","dealerName":"Mohan Vehicles, Yamunanagar","lng":"77.310877","cityCode":"N25","address1":"Agrasen Chowk ,Court Road,Jagadhri","phone2":"9817707100","phone1":"9817707100","cityName":"Yamunanagar","stateName":"Haryana","sortId":"1","dealerType":"Sales","stateCode":"HR","id":"HR505","email":"sales@mohankia.in","lat":"30.156255"},{"website":"https://mohan-vehicles.in.kia","dealerName":"Mohan Vehicles, Yamunanagar","lng":"77.310877","cityCode":"N25","address1":"Agrasen Chowk ,Court Road,Jagadhri","phone2":"9817707100","phone1":"9817707100","cityName":"Yamunanagar","stateName":"Haryana","sortId":"3","dealerType":"Service","stateCode":"HR","id":"HR505","email":"ynr@mohankia.in","lat":"30.156255"}],"resultCode":"0000","message":""}
{"data":[{"website":"https://rc-kia.in.kia","dealerName":"R C Kia, NH-22","address3":"Barog Bypass","lng":"77.1097","address2":"Village Anji, NH-22","cityCode":"N81","address1":"Platinum Mall VI","phone2":"9816006888","phone1":"8894778888","cityName":"Solan","stateName":"Himachal Pradesh","sortId":"1","dealerType":"Sales","stateCode":"HP","id":"HP302","email":"info@rc-kia.com","lat":"30.8941"},{"website":"https://rc-kia.in.kia","dealerName":"R C Kia, NH-22","address3":"Barog Bypass","lng":"77.1097","address2":"Village Anji, NH-22","cityCode":"N81","address1":"Platinum Mall VI","phone2":"8894778889","phone1":"8894778889","cityName":"Solan","stateName":"Himachal Pradesh","sortId":"3","dealerType":"Service","stateCode":"HP","id":"HP302","email":"info@rc-kia.com","lat":"30.8941"}],"resultCode":"0000","message":""}
{"data":[{"website":"https://pal-kia.in.kia","dealerName":"Pal Kia, Thangaer, NH-1A","lng":"74.89861","address2":"Khasra No. 278, Vill, Thangaer, National Highway, 1A, Jammu","cityCode":"N50","phone2":"999999999","phone1":"6006800800","cityName":"Jammu","stateName":"Jammu \u0026amp; Kashmir","sortId":"1","dealerType":"Sales","stateCode":"JK","id":"JK401","email":"info@palkia.in","lat":"32.69963"},{"website":"https://pal-kia.in.kia","dealerName":"Pal Kia, Thangaer, NH-1A","address3":"Jammu","lng":"74.91471","address2":"nal Highway, Jammu, Sidhra, Jammu","cityCode":"N50","address1":"Khasra No. 193/194, Jammu Srinagar Natio","phone2":"999999999","phone1":"6006900900","cityName":"Jammu","stateName":"Jammu \u0026amp; Kashmir","sortId":"3","dealerType":"Service","stateCode":"JK","id":"JK401","email":"vicky.raina@palkia.in","lat":"32.76164"}],"resultCode":"0000","message":""}
{"data":[{"website":"https://dilip-motors.in.kia","dealerName":"Dilip Motors, Heritage Garden","address3":"\u0026amp; Jharkhand 834001","lng":"85.36887","address2":" Ranchi, Ranchi","cityCode":"E63","address1":"Heritage Garden, H.B Road,","phone2":"999999999","phone1":"8440958440","cityName":"Ranchi","stateName":"Jharkhand","sortId":"1","dealerType":"Sales","stateCode":"JH","id":"JH401","email":"gm@dilip-kia.com","lat":"23.38364"},{"website":"https://dilip-motors.in.kia","dealerName":"Dilip Motors, Heritage Garden","address3":"Ranchi","lng":"85.359253","address2":"Tata Road, Namkom, Near Riada Office, Ranchi","cityCode":"E63","phone2":"999999999","phone1":"9693917067","cityName":"Ranchi","stateName":"Jharkhand","sortId":"3","dealerType":"Service","stateCode":"JH","id":"JH401","email":"servicemanager@dilip-Kia.com","lat":"23.354705"}],"resultCode":"0000","message":""}
{"data":[{"website":"https://arm-kia.in.kia","dealerName":"A.R.M kia, Udupi","address3":"Katapady Panchayath","lng":"74.744604","address2":"Nh 66,Yenagudde","cityCode":"S87","address1":"Door No.Yng6/22/1","phone2":"9606055296","phone1":"9606055296","cityName":"Udipi","stateName":"Karnataka","sortId":"1","dealerType":"Sales","stateCode":"KA","id":"KA501","email":"salesmanager@armkia.com","lat":"13.291657"},{"website":"https://arm-kia.in.kia","dealerName":"A.R.M kia, Udupi","address3":"Katapady Panchayath","lng":"74.744604","address2":"Nh 66,Yenagudde","cityCode":"S87","address1":"Door No.Yng6/22/1","phone2":"9606035534","phone1":"9606035534","cityName":"Udipi","stateName":"Karnataka","sortId":"3","dealerType":"Service","stateCode":"KA","id":"KA501","email":"service.udupi@armkia.com","lat":"13.291657"}],"resultCode":"0000","message":""}
{"data":[{"website":"https://ncs-kia.in.kia","dealerName":"NCS Kia, Venpalavttom","lng":"76.9086","address2":", Trivandrum --695029","cityCode":"S71","address1":"NH 47 Bypass Road, Venpalavttom, Anayara","phone2":"999999999","phone1":"9400062600","cityName":"Trivandrum","stateName":"Kerala","sortId":"1","dealerType":"Sales","stateCode":"KL","id":"KL301","email":"sales@ncskia.co.in","lat":"8.5066"},{"website":"https://ncs-kia.in.kia","dealerName":"NCS Kia, Venpalavttom","address3":"Trivandrum","lng":"76.9086","address2":"NH 47 Bypass Road, Venpalavttom, Anayara, Trivandr","cityCode":"S71","phone2":"9400062600","phone1":"9400062600","cityName":"Trivandrum","stateName":"Kerala","sortId":"3","dealerType":"Service","stateCode":"KL","id":"KL301","email":"servicemanagertvm@ncskia.co.in","lat":"8.5066"}],"resultCode":"0000","message":""}
{"data":[{"website":"https://sun-globe.in.kia","dealerName":"Sun Globe, Vidisha","address3":"Vidisha (M.P.), 464001","lng":"77.82725","address2":"Sagar Road NH 86","cityCode":"W81","address1":"Sunglobe Kia, Near St. Mary P.G. College","phone2":"9109107448","phone1":"9109107448","cityName":"Vidisha","stateName":"Madhya Pradesh","sortId":"1","dealerType":"Sales","stateCode":"MP","id":"MP502","email":"gmsales.sunglobe@gmail.com","lat":"23.52855"},{"website":"https://sun-globe.in.kia","dealerName":"Sun Globe, Vidisha","address3":"Madhya Pradesh","lng":"77.8267812","address2":"Sagar Road, Dabar,  Vidisha,","cityCode":"W81","phone2":"9993975439","phone1":"999999999","cityName":"Vidisha","stateName":"Madhya Pradesh","sortId":"3","dealerType":"Service","stateCode":"MP","id":"MP502","email":"Service.vidisha@sunglobekia.co.in","lat":"23.5286444"}],"resultCode":"0000","message":""}
{"data":[{"website":"https://shreenath-cars.in.kia","dealerName":"Shreenath, Thane","lng":"72.9756336","address2":"n, Ghodbunder Road, Thane (W), Thane","cityCode":"W26","address1":"Shop No 77, Area No 102, Manpada Junctio","phone2":"+912248966060","phone1":"+912248966060","cityName":"Thane","stateName":"Maharashtra","sortId":"1","dealerType":"Sales","stateCode":"MH","id":"MH409","email":"sales.kia@shreenath-kia.in","lat":"19.2379281"},{"website":"https://shreenath-cars.in.kia","dealerName":"Shreenath, Thane","address3":"ThaneWest","lng":"72.9919167","address2":"Gate No. 2, Kolshet, Thane West","cityCode":"W26","address1":"C/o Gurjeet Embrioderies, Near Airforce ","phone2":"999999999","phone1":"9664626666","cityName":"Thane","stateName":"Maharashtra","sortId":"3","dealerType":"Service","stateCode":"MH","id":"MH409","email":"sm.thane@shreenath-kia.in","lat":"19.2406838"}],"resultCode":"0000","message":""}
{"data":[{"website":"https://punya-kia.in.kia/home.html","dealerName":"Punya Kia, Imphal","address3":"Imphal West, Manipur-795001","lng":"93.899471","address2":"Changangei Uchekon,","cityCode":"E46","address1":"Opp.Bir Tikendrajit Intnl Airport,","phone2":"8794740552","phone1":"8794740552","cityName":"Imphal","stateName":"Manipur","sortId":"1","dealerType":"Sales","stateCode":"MN","id":"MN301","email":"kiaindiaimphal@gmail.com","lat":"24.768817"},{"website":"https://punya-kia.in.kia/home.html","dealerName":"Punya Kia, Imphal","address3":"Imphal West, Manipur-795001","lng":"93.899471","address2":"Changangei Uchekon,","cityCode":"E46","address1":"Opp.Bir Tikendrajit Intnl Airport,","phone2":"9402983938","phone1":"9402983938","cityName":"Imphal","stateName":"Manipur","sortId":"3","dealerType":"Service","stateCode":"MN","id":"MN301","email":"kiaindiaimphal@gmail.com","lat":"24.768817"}],"resultCode":"0000","message":""}
{"data":[{"website":"https://lbs-kia.in.kia","dealerName":"LBS KIA,Aizawl","address3":"AIZAWL, MIZORAM-796007","lng":"92.743106","address2":"F-A17(B)","cityCode":"E42","address1":"FALKLAND NEAR SBI BANK,","phone2":"7005705596","phone1":"7005705596","cityName":"Aizwal","stateName":"Mizoram","sortId":"1","dealerType":"Sales","stateCode":"MZ","id":"MZ401","email":"sales@lbskia.co.in","lat":"23.739393"}],"resultCode":"0000","message":""}
{"data":[{"website":"https://central-kia.in.kia","dealerName":"Central Kia, Sambalpur","lng":"83.954233","address2":"Plot No- 949, Unit-12, Nh-6, Remed","cityCode":"E71","address1":"Manish Mansion Building","phone2":"7440003022","phone1":"7440003022","cityName":"Sambalpur","stateName":"Odisha","sortId":"1","dealerType":"Sales","stateCode":"OR","id":"OD501","email":"customercare@centralkia.in","lat":"21.499513"},{"website":"https://central-kia.in.kia","dealerName":"Central Kia, Sambalpur","address3":"PS- Ainthapali, Sambalpur-768006","lng":"83.954233","address2":"Shop no-2 to 8, Unit-12. REMED, NH-6","cityCode":"E71","address1":"Manish Mansion Building, Plot no-949","phone2":"7440002933","phone1":"7440002933","cityName":"Sambalpur","stateName":"Odisha","sortId":"3","dealerType":"Service","stateCode":"OR","id":"OD501","email":"i2sinchargesbp@centralkia.in","lat":"21.499513"}],"resultCode":"0000","message":""}
{"data":[{"website":"https://asj-cars.in.kia","dealerName":"ASJ Cars, Villupuram main road","lng":"79.78252513","address2":"in Road, Moolakulam, Pondicherry-605110","cityCode":"S20","address1":"Opp. Renault Car Showroom, Villupuram Ma","phone2":"999999999","phone1":"6384447001","cityName":"Puducherry","stateName":"Pondicherry","sortId":"1","dealerType":"Sales","stateCode":"PY","id":"PY401","email":"asjcarspondy@gmail.com","lat":"11.92825969"},{"website":"https://asj-cars.in.kia","dealerName":"ASJ Cars, Villupuram main road","address3":"Pondicherry","lng":"79.7795676","address2":"anapet, Bahour Commune, Pondicherry","cityCode":"S20","address1":"RS No. 151/7A, Pillaiarkuppam \u0026amp; RS No. M","phone2":"999999999","phone1":"6384445001","cityName":"Puducherry","stateName":"Pondicherry","sortId":"3","dealerType":"Service","stateCode":"PY","id":"PY401","email":"servicemanager@asjcarskia.com ","lat":"11.80792908"}],"resultCode":"0000","message":""}
{"data":[{"website":"https://yashodha-kia.in.kia/","dealerName":"Yashodha Kia,Sangrur","address3":"Sangrur-148001","lng":"75.845358","address2":"Mehlan - Delhi Road","cityCode":"N76","address1":"Khasra No.171","phone2":"6280500001","phone1":"6280500001","cityName":"Sangrur","stateName":"Punjab","sortId":"1","dealerType":"Sales","stateCode":"PB","id":"PB504","email":"sales@yashodha-kia.in","lat":"30.231217"},{"website":"https://yashodha-kia.in.kia/","dealerName":"Yashodha Kia,Sangrur","address3":"Sangrur-148001","lng":"75.845358","address2":"Mehlan - Delhi Road","cityCode":"N76","address1":"Khasra No.171","phone2":"6280500001","phone1":"6280500001","cityName":"Sangrur","stateName":"Punjab","sortId":"3","dealerType":"Service","stateCode":"PB","id":"PB504","email":"Service.sngr@yashodha-kia.in","lat":"30.231217"}],"resultCode":"0000","message":""}
{"data":[{"website":"https://rajesh-motors.in.kia","dealerName":"Rajesh Motors, Hiranmagri","address3":"Hiran Magri","lng":"73.71676","address2":"Jhamar Kotda Link Road,","cityCode":"N42","address1":"Opposite Jadaav Nursery, ","phone2":"999999999","phone1":"9351229009","cityName":"Udaipur","stateName":"Rajasthan","sortId":"1","dealerType":"Sales","stateCode":"RJ","id":"RJ408","email":"gm.udr@rajeshkia.in","lat":"24.55654"},{"website":"https://rajesh-motors.in.kia","dealerName":"Rajesh Motors, Hiranmagri","address3":"Udaipur","lng":"73.7469","address2":"dustrial Area, Madri, Udaipur -  313004","cityCode":"N42","address1":"Rajesh Motors, A-83, Road no 1, Mewar In","phone2":"999999999","phone1":"8824900163","cityName":"Udaipur","stateName":"Rajasthan","sortId":"3","dealerType":"Service","stateCode":"RJ","id":"RJ408","email":"service.udr@rajeshkia.in","lat":"24.57318"}],"resultCode":"0000","message":""}
{"data":[{"website":"https://vst-central.in.kia","dealerName":"VST Central, Vellore","address3":"Ghandhi Nagar","lng":"79.13675","address2":"Ghandhi Nagar, 632006","cityCode":"S46","address1":"No 43, Katpadi Road,","phone2":"9994858900","phone1":"7305047846","cityName":"Vellore","stateName":"Tamil Nadu","sortId":"1","dealerType":"Sales","stateCode":"TN","id":"TN502","email":"salescrm.chn@vstcentral-kia.in","lat":"12.95144"},{"website":"https://vst-central.in.kia","dealerName":"VST Central, Vellore","lng":"79.13675","address2":"Ghandhi Nagar, 632006","cityCode":"S46","address1":"No 43, Katpadi Road,","phone2":"9384096077","phone1":"9994858900","cityName":"Vellore","stateName":"Tamil Nadu","sortId":"3","dealerType":"Service","stateCode":"TN","id":"TN502","email":"servicemanager.vlr@vstcentral-kia.in","lat":"12.95144"}],"resultCode":"0000","message":""}
{"data":[{"website":"https://malik-kia.in.kia","dealerName":"Malik Kia, Rangampet","address3":"Rangampet, Warangal- 506002","lng":"79.587111","address2":"Old Ramakrishna Theatre","cityCode":"S55","address1":"15-1-318, KMC Road","phone2":"9121601111","phone1":"9121601111","cityName":"Warangal","stateName":"Telangana","sortId":"1","dealerType":"Sales","stateCode":"TS","id":"TS301","email":"ceo@malikkia.in","lat":"17.998222"},{"website":"https://malik-kia.in.kia","dealerName":"Malik Kia, Rangampet","address3":"Rangampet, Warangal- 506002","lng":"79.587111","address2":"Old Ramakrishna Theatre","cityCode":"S55","address1":"15-1-318, KMC Road","cityName":"Warangal","stateName":"Telangana","sortId":"3","dealerType":"Service","stateCode":"TS","id":"TS301","lat":"17.998222"}],"resultCode":"0000","message":""}
{"data":[{"website":"https://kabir-motors.in.kia","dealerName":"Kabir Motors, DLW - Lahartara Road","address3":"Varanasi-221013","lng":"82.96743","address2":"DLW-Lahartara Road, Sivdaspur","cityCode":"N38","address1":"Pama Complex","phone2":"999999999","phone1":"9152039791","cityName":"Varanasi","stateName":"Uttar Pradesh","sortId":"1","dealerType":"Sales","stateCode":"UP","id":"UP308","email":"gmsales@kabirkia.in","lat":"25.31111"},{"website":"https://kabir-motors.in.kia","dealerName":"Kabir Motors, DLW - Lahartara Road","address3":"Varanasi-221013","lng":"82.96743","address2":"DLW-Lahartara Road, Sivdaspur","cityCode":"N38","address1":"Pama Complex","phone2":"999999999","phone1":"7704002656","cityName":"Varanasi","stateName":"Uttar Pradesh","sortId":"3","dealerType":"Service","stateCode":"UP","id":"UP308","email":"smservices@kabirkia.in","lat":"25.31111"}],"resultCode":"0000","message":""}
{"data":[{"website":"https://classic-motors.in.kia","dealerName":"Classic Motors, Rudrapur","lng":"79.416493","cityCode":"N94","address1":"Kichha Bypass Road,Rudrapur","phone2":"9837929628","phone1":"7900679006","cityName":"Rudrapur","stateName":"Uttarakhand","sortId":"1","dealerType":"Sales","stateCode":"UK","id":"UK501","email":"sm@classickia.in","lat":"28.963489"},{"website":"https://classic-motors.in.kia","dealerName":"Classic Motors, Rudrapur","lng":"79.416493","cityCode":"N94","address1":"Kichha Bypass Road,Rudrapur","phone2":"9837929628","phone1":"7900679006","cityName":"Rudrapur","stateName":"Uttarakhand","sortId":"3","dealerType":"Service","stateCode":"UK","id":"UK501","email":"Service.rdp@classickia.in","lat":"28.963489"}],"resultCode":"0000","message":""}
{"data":[{"website":"https://kaysons-kia.in.kia","dealerName":"Kaysons Kia, Sevoke road","address3":" West Bengal-734008","lng":"72.6797513","address2":"g No: V/1723/A, 2nd Mile, Check Post, Sevoke Road, Siliguri,","cityCode":"E11","address1":"Kaysons Ventures Private Limited, Holdin","phone2":"999999999","phone1":"7719384208","cityName":"Siliguri","stateName":"West Bengal","sortId":"1","dealerType":"Sales","stateCode":"WB","id":"WB302","email":"Info@kaysons.co.in","lat":"23.041755"},{"website":"https://kaysons-kia.in.kia","dealerName":"Kaysons Kia, Sevoke road","address3":"West Bengal","lng":"88.438194","address2":"Check Post, Sevoke Road, Siliguri, West Bengal","cityCode":"E11","address1":"Holding No: V/1723/A, 2nd Mile,","phone2":"7719384220","phone1":"7719384220","cityName":"Siliguri","stateName":"West Bengal","sortId":"3","dealerType":"Service","stateCode":"WB","id":"WB302","email":"servicemanager.kia@kaysons.co.in","lat":"26.749802"}],"resultCode":"0000","message":""}